--------------------------------------------------------
--  Fichier créé - dimanche-juin-02-2024   
--------------------------------------------------------
--------------------------------------------------------
--  DDL for Table ABONNEMENT
--------------------------------------------------------

  CREATE TABLE "AZIZ"."ABONNEMENT" 
   (	"ID_ABONNEMENT" NUMBER(30,0), 
	"NUMERO_ABONNEMENT" NUMBER(30,0), 
	"DATE_DEBUT" VARCHAR2(20 BYTE), 
	"DATE_EXPIRATION" VARCHAR2(20 BYTE), 
	"TYPE_ABONNEMENT" VARCHAR2(20 BYTE), 
	"ID_AUDITEUR" NUMBER(20,0)
   ) SEGMENT CREATION IMMEDIATE 
  PCTFREE 10 PCTUSED 40 INITRANS 1 MAXTRANS 255 NOCOMPRESS LOGGING
  STORAGE(INITIAL 65536 NEXT 1048576 MINEXTENTS 1 MAXEXTENTS 2147483645
  PCTINCREASE 0 FREELISTS 1 FREELIST GROUPS 1 BUFFER_POOL DEFAULT FLASH_CACHE DEFAULT CELL_FLASH_CACHE DEFAULT)
  TABLESPACE "SYSTEM" ;
--------------------------------------------------------
--  DDL for Table AUDITEUR
--------------------------------------------------------

  CREATE TABLE "AZIZ"."AUDITEUR" 
   (	"ID_AUDITEUR" NUMBER, 
	"NOM_AUDITEUR" VARCHAR2(50 BYTE), 
	"PRENOM_AUDITEUR" VARCHAR2(50 BYTE), 
	"DDN_AUDITEUR" DATE, 
	"TELE_AUDITEUR" NUMBER, 
	"ADRESS_AUDITEUR" VARCHAR2(100 BYTE), 
	"MAIL_AUDITEUR" VARCHAR2(100 BYTE)
   ) SEGMENT CREATION IMMEDIATE 
  PCTFREE 10 PCTUSED 40 INITRANS 1 MAXTRANS 255 NOCOMPRESS LOGGING
  STORAGE(INITIAL 65536 NEXT 1048576 MINEXTENTS 1 MAXEXTENTS 2147483645
  PCTINCREASE 0 FREELISTS 1 FREELIST GROUPS 1 BUFFER_POOL DEFAULT FLASH_CACHE DEFAULT CELL_FLASH_CACHE DEFAULT)
  TABLESPACE "SYSTEM" ;
--------------------------------------------------------
--  DDL for Table EVENT
--------------------------------------------------------

  CREATE TABLE "AZIZ"."EVENT" 
   (	"NOM" VARCHAR2(20 BYTE), 
	"LIEU" VARCHAR2(20 BYTE), 
	"TYPE" VARCHAR2(20 BYTE), 
	"TEMPSDEB" VARCHAR2(100 BYTE), 
	"ETAT" VARCHAR2(20 BYTE), 
	"TEMPSFIN" VARCHAR2(100 BYTE), 
	"PHOTO" NUMBER DEFAULT 0
   ) SEGMENT CREATION IMMEDIATE 
  PCTFREE 10 PCTUSED 40 INITRANS 1 MAXTRANS 255 NOCOMPRESS LOGGING
  STORAGE(INITIAL 65536 NEXT 1048576 MINEXTENTS 1 MAXEXTENTS 2147483645
  PCTINCREASE 0 FREELISTS 1 FREELIST GROUPS 1 BUFFER_POOL DEFAULT FLASH_CACHE DEFAULT CELL_FLASH_CACHE DEFAULT)
  TABLESPACE "SYSTEM" ;
--------------------------------------------------------
--  DDL for Table EVENTPERSO
--------------------------------------------------------

  CREATE TABLE "AZIZ"."EVENTPERSO" 
   (	"CINPERSO" VARCHAR2(20 BYTE), 
	"NOMEVENT" VARCHAR2(20 BYTE)
   ) SEGMENT CREATION IMMEDIATE 
  PCTFREE 10 PCTUSED 40 INITRANS 1 MAXTRANS 255 NOCOMPRESS LOGGING
  STORAGE(INITIAL 65536 NEXT 1048576 MINEXTENTS 1 MAXEXTENTS 2147483645
  PCTINCREASE 0 FREELISTS 1 FREELIST GROUPS 1 BUFFER_POOL DEFAULT FLASH_CACHE DEFAULT CELL_FLASH_CACHE DEFAULT)
  TABLESPACE "SYSTEM" ;
--------------------------------------------------------
--  DDL for Table FOURNIR
--------------------------------------------------------

  CREATE TABLE "AZIZ"."FOURNIR" 
   (	"ID_PROGRAMMZ" NUMBER, 
	"ID_ABONNEMENTS" NUMBER
   ) SEGMENT CREATION IMMEDIATE 
  PCTFREE 10 PCTUSED 40 INITRANS 1 MAXTRANS 255 NOCOMPRESS LOGGING
  STORAGE(INITIAL 65536 NEXT 1048576 MINEXTENTS 1 MAXEXTENTS 2147483645
  PCTINCREASE 0 FREELISTS 1 FREELIST GROUPS 1 BUFFER_POOL DEFAULT FLASH_CACHE DEFAULT CELL_FLASH_CACHE DEFAULT)
  TABLESPACE "SYSTEM" ;
--------------------------------------------------------
--  DDL for Table PERSONELLES
--------------------------------------------------------

  CREATE TABLE "AZIZ"."PERSONELLES" 
   (	"CIN_PERSONELLE" VARCHAR2(100 BYTE), 
	"NOM_PERSONELLE" VARCHAR2(100 BYTE), 
	"PRENOM_PERSONELLE" VARCHAR2(100 BYTE), 
	"NUMERO_TELEPHONE_PERSONELLE" VARCHAR2(100 BYTE), 
	"ADRESSE_PERSONELLE" VARCHAR2(100 BYTE), 
	"ETAT_CIVIL_PERSONELLE" VARCHAR2(100 BYTE), 
	"DATE_NAISSANCE_PERSONELLE" VARCHAR2(100 BYTE), 
	"ADRESSE_MAIL_PERSONELLE" VARCHAR2(100 BYTE), 
	"ROLE_PERSONELLE" VARCHAR2(100 BYTE), 
	"TYPE_PERSONELLE" VARCHAR2(100 BYTE), 
	"SALAIRE_PERSONELLE" VARCHAR2(100 BYTE), 
	"PASSWORD_PERSONELLE" VARCHAR2(100 BYTE), 
	"ONCE" NUMBER DEFAULT 0
   ) SEGMENT CREATION IMMEDIATE 
  PCTFREE 10 PCTUSED 40 INITRANS 1 MAXTRANS 255 NOCOMPRESS LOGGING
  STORAGE(INITIAL 65536 NEXT 1048576 MINEXTENTS 1 MAXEXTENTS 2147483645
  PCTINCREASE 0 FREELISTS 1 FREELIST GROUPS 1 BUFFER_POOL DEFAULT FLASH_CACHE DEFAULT CELL_FLASH_CACHE DEFAULT)
  TABLESPACE "SYSTEM" ;
--------------------------------------------------------
--  DDL for Table PROGRAMME
--------------------------------------------------------

  CREATE TABLE "AZIZ"."PROGRAMME" 
   (	"ID_PROGRAMME" NUMBER(20,0), 
	"NOM" VARCHAR2(20 BYTE), 
	"SECTION" VARCHAR2(20 BYTE), 
	"TYPE" VARCHAR2(20 BYTE), 
	"NOMBRE_PIECE" NUMBER, 
	"DUREE" NUMBER, 
	"DATE_DIFFUSION" DATE, 
	"ID_PERSONEL" VARCHAR2(20 BYTE)
   ) SEGMENT CREATION IMMEDIATE 
  PCTFREE 10 PCTUSED 40 INITRANS 1 MAXTRANS 255 NOCOMPRESS LOGGING
  STORAGE(INITIAL 65536 NEXT 1048576 MINEXTENTS 1 MAXEXTENTS 2147483645
  PCTINCREASE 0 FREELISTS 1 FREELIST GROUPS 1 BUFFER_POOL DEFAULT FLASH_CACHE DEFAULT CELL_FLASH_CACHE DEFAULT)
  TABLESPACE "SYSTEM" ;
--------------------------------------------------------
--  DDL for Table PUBLICITE
--------------------------------------------------------

  CREATE TABLE "AZIZ"."PUBLICITE" 
   (	"ID" NUMBER, 
	"NOM" VARCHAR2(20 BYTE), 
	"CANAL" VARCHAR2(20 BYTE), 
	"PRIX" NUMBER, 
	"DATEPUB" DATE, 
	"DUREE" VARCHAR2(20 BYTE), 
	"TEMPS" VARCHAR2(20 BYTE), 
	"PUBDESC" VARCHAR2(100 BYTE), 
	"IDSOC" VARCHAR2(20 BYTE)
   ) SEGMENT CREATION IMMEDIATE 
  PCTFREE 10 PCTUSED 40 INITRANS 1 MAXTRANS 255 NOCOMPRESS LOGGING
  STORAGE(INITIAL 65536 NEXT 1048576 MINEXTENTS 1 MAXEXTENTS 2147483645
  PCTINCREASE 0 FREELISTS 1 FREELIST GROUPS 1 BUFFER_POOL DEFAULT FLASH_CACHE DEFAULT CELL_FLASH_CACHE DEFAULT)
  TABLESPACE "SYSTEM" ;
--------------------------------------------------------
--  DDL for Table PUBPROG
--------------------------------------------------------

  CREATE TABLE "AZIZ"."PUBPROG" 
   (	"IDPUB" NUMBER, 
	"IDPROG" NUMBER, 
	"DATEPP" VARCHAR2(20 BYTE)
   ) SEGMENT CREATION IMMEDIATE 
  PCTFREE 10 PCTUSED 40 INITRANS 1 MAXTRANS 255 NOCOMPRESS LOGGING
  STORAGE(INITIAL 65536 NEXT 1048576 MINEXTENTS 1 MAXEXTENTS 2147483645
  PCTINCREASE 0 FREELISTS 1 FREELIST GROUPS 1 BUFFER_POOL DEFAULT FLASH_CACHE DEFAULT CELL_FLASH_CACHE DEFAULT)
  TABLESPACE "SYSTEM" ;
--------------------------------------------------------
--  DDL for Table SOCI
--------------------------------------------------------

  CREATE TABLE "AZIZ"."SOCI" 
   (	"IDSOC" VARCHAR2(20 BYTE), 
	"NOM" VARCHAR2(20 BYTE), 
	"EMAIL" VARCHAR2(20 BYTE), 
	"INDUSTRIE" VARCHAR2(20 BYTE), 
	"ADRESSE" VARCHAR2(20 BYTE), 
	"PERS" VARCHAR2(20 BYTE), 
	"NUMERO" NUMBER(*,0), 
	"SITE" VARCHAR2(20 BYTE)
   ) SEGMENT CREATION IMMEDIATE 
  PCTFREE 10 PCTUSED 40 INITRANS 1 MAXTRANS 255 NOCOMPRESS LOGGING
  STORAGE(INITIAL 65536 NEXT 1048576 MINEXTENTS 1 MAXEXTENTS 2147483645
  PCTINCREASE 0 FREELISTS 1 FREELIST GROUPS 1 BUFFER_POOL DEFAULT FLASH_CACHE DEFAULT CELL_FLASH_CACHE DEFAULT)
  TABLESPACE "SYSTEM" ;
--------------------------------------------------------
--  DDL for Table STUDIO
--------------------------------------------------------

  CREATE TABLE "AZIZ"."STUDIO" 
   (	"IDS" VARCHAR2(100 BYTE), 
	"LOCALISATION" VARCHAR2(20 BYTE), 
	"TYPE" VARCHAR2(20 BYTE), 
	"ETAT" VARCHAR2(20 BYTE), 
	"CAPACITE" NUMBER
   ) SEGMENT CREATION IMMEDIATE 
  PCTFREE 10 PCTUSED 40 INITRANS 1 MAXTRANS 255 NOCOMPRESS LOGGING
  STORAGE(INITIAL 65536 NEXT 1048576 MINEXTENTS 1 MAXEXTENTS 2147483645
  PCTINCREASE 0 FREELISTS 1 FREELIST GROUPS 1 BUFFER_POOL DEFAULT FLASH_CACHE DEFAULT CELL_FLASH_CACHE DEFAULT)
  TABLESPACE "SYSTEM" ;
--------------------------------------------------------
--  DDL for Table TRAVAILLER
--------------------------------------------------------

  CREATE TABLE "AZIZ"."TRAVAILLER" 
   (	"ID_PERSO" VARCHAR2(100 BYTE), 
	"ID_STUDIO" VARCHAR2(100 BYTE)
   ) SEGMENT CREATION IMMEDIATE 
  PCTFREE 10 PCTUSED 40 INITRANS 1 MAXTRANS 255 NOCOMPRESS LOGGING
  STORAGE(INITIAL 65536 NEXT 1048576 MINEXTENTS 1 MAXEXTENTS 2147483645
  PCTINCREASE 0 FREELISTS 1 FREELIST GROUPS 1 BUFFER_POOL DEFAULT FLASH_CACHE DEFAULT CELL_FLASH_CACHE DEFAULT)
  TABLESPACE "SYSTEM" ;
REM INSERTING into AZIZ.ABONNEMENT
SET DEFINE OFF;
Insert into AZIZ.ABONNEMENT (ID_ABONNEMENT,NUMERO_ABONNEMENT,DATE_DEBUT,DATE_EXPIRATION,TYPE_ABONNEMENT,ID_AUDITEUR) values ('8','123456','2024-04-20','2035-05-20','Family','123');
Insert into AZIZ.ABONNEMENT (ID_ABONNEMENT,NUMERO_ABONNEMENT,DATE_DEBUT,DATE_EXPIRATION,TYPE_ABONNEMENT,ID_AUDITEUR) values ('2','333','2024-04-20','2026-04-23','Family','123');
Insert into AZIZ.ABONNEMENT (ID_ABONNEMENT,NUMERO_ABONNEMENT,DATE_DEBUT,DATE_EXPIRATION,TYPE_ABONNEMENT,ID_AUDITEUR) values ('5','666','2024-04-20','2025-04-23','Family','123');
Insert into AZIZ.ABONNEMENT (ID_ABONNEMENT,NUMERO_ABONNEMENT,DATE_DEBUT,DATE_EXPIRATION,TYPE_ABONNEMENT,ID_AUDITEUR) values ('7','222','2023-04-05','2025-04-23','Family','123');
Insert into AZIZ.ABONNEMENT (ID_ABONNEMENT,NUMERO_ABONNEMENT,DATE_DEBUT,DATE_EXPIRATION,TYPE_ABONNEMENT,ID_AUDITEUR) values ('22','415','2023-05-05','2025-04-23','Family','123');
Insert into AZIZ.ABONNEMENT (ID_ABONNEMENT,NUMERO_ABONNEMENT,DATE_DEBUT,DATE_EXPIRATION,TYPE_ABONNEMENT,ID_AUDITEUR) values ('55','3330','2023-04-05','2025-04-23','Family','123');
Insert into AZIZ.ABONNEMENT (ID_ABONNEMENT,NUMERO_ABONNEMENT,DATE_DEBUT,DATE_EXPIRATION,TYPE_ABONNEMENT,ID_AUDITEUR) values ('77','4544','2023-08-04','2032-04-23','Family','123');
Insert into AZIZ.ABONNEMENT (ID_ABONNEMENT,NUMERO_ABONNEMENT,DATE_DEBUT,DATE_EXPIRATION,TYPE_ABONNEMENT,ID_AUDITEUR) values ('8888','5454','2024-01-08','2028-04-23','Family','123');
Insert into AZIZ.ABONNEMENT (ID_ABONNEMENT,NUMERO_ABONNEMENT,DATE_DEBUT,DATE_EXPIRATION,TYPE_ABONNEMENT,ID_AUDITEUR) values ('1','222','2024-04-20','2026-04-29','Family','123');
Insert into AZIZ.ABONNEMENT (ID_ABONNEMENT,NUMERO_ABONNEMENT,DATE_DEBUT,DATE_EXPIRATION,TYPE_ABONNEMENT,ID_AUDITEUR) values ('45','2457','2024-04-20','2025-04-30','Family','123');
Insert into AZIZ.ABONNEMENT (ID_ABONNEMENT,NUMERO_ABONNEMENT,DATE_DEBUT,DATE_EXPIRATION,TYPE_ABONNEMENT,ID_AUDITEUR) values ('555','78798','2024-04-20','2024-04-24','Family','123');
Insert into AZIZ.ABONNEMENT (ID_ABONNEMENT,NUMERO_ABONNEMENT,DATE_DEBUT,DATE_EXPIRATION,TYPE_ABONNEMENT,ID_AUDITEUR) values ('88','7876545','2024-04-20','2024-04-24','Family','123');
Insert into AZIZ.ABONNEMENT (ID_ABONNEMENT,NUMERO_ABONNEMENT,DATE_DEBUT,DATE_EXPIRATION,TYPE_ABONNEMENT,ID_AUDITEUR) values ('8787','7845454','2024-04-20','2024-04-24','Family','123');
Insert into AZIZ.ABONNEMENT (ID_ABONNEMENT,NUMERO_ABONNEMENT,DATE_DEBUT,DATE_EXPIRATION,TYPE_ABONNEMENT,ID_AUDITEUR) values ('999','444','2024-04-20','2024-04-24','Family','123');
REM INSERTING into AZIZ.AUDITEUR
SET DEFINE OFF;
Insert into AZIZ.AUDITEUR (ID_AUDITEUR,NOM_AUDITEUR,PRENOM_AUDITEUR,DDN_AUDITEUR,TELE_AUDITEUR,ADRESS_AUDITEUR,MAIL_AUDITEUR) values ('123','Ahmed','mouhamed',null,null,null,null);
REM INSERTING into AZIZ.EVENT
SET DEFINE OFF;
Insert into AZIZ.EVENT (NOM,LIEU,TYPE,TEMPSDEB,ETAT,TEMPSFIN,PHOTO) values ('AI GLOBAL DAY','GLOBANET','Fete','07:00:00','en cours','11:00:00','1');
Insert into AZIZ.EVENT (NOM,LIEU,TYPE,TEMPSDEB,ETAT,TEMPSFIN,PHOTO) values ('ALLER HAMMAMET','HAMAMET','Sortie','07:00:00','en cours','11:00:00','1');
Insert into AZIZ.EVENT (NOM,LIEU,TYPE,TEMPSDEB,ETAT,TEMPSFIN,PHOTO) values ('TEST1','jbaljloud','Fete','04:00:00','en cours','06:00:00','1');
Insert into AZIZ.EVENT (NOM,LIEU,TYPE,TEMPSDEB,ETAT,TEMPSFIN,PHOTO) values ('DEV GLOBAL DAY','GLOBANET','Fete','07:00:00','Fini','11:00:00','0');
Insert into AZIZ.EVENT (NOM,LIEU,TYPE,TEMPSDEB,ETAT,TEMPSFIN,PHOTO) values ('TEST2','jbaljloudkk','Fete','04:00:00','Fini','06:00:00','1');
Insert into AZIZ.EVENT (NOM,LIEU,TYPE,TEMPSDEB,ETAT,TEMPSFIN,PHOTO) values ('TEST3','jbaljloudkk','Fete','04:00:00','Fini','06:00:00','1');
Insert into AZIZ.EVENT (NOM,LIEU,TYPE,TEMPSDEB,ETAT,TEMPSFIN,PHOTO) values ('aaa','hhh','Fete','01:00:00','en cours','00:00:00','0');
Insert into AZIZ.EVENT (NOM,LIEU,TYPE,TEMPSDEB,ETAT,TEMPSFIN,PHOTO) values ('hauha','Ariana','Sortie','05:00:00','en cours','04:00:00','1');
REM INSERTING into AZIZ.EVENTPERSO
SET DEFINE OFF;
Insert into AZIZ.EVENTPERSO (CINPERSO,NOMEVENT) values ('45123457','AI GLOBAL DAY');
Insert into AZIZ.EVENTPERSO (CINPERSO,NOMEVENT) values ('45123457','ALLER HAMMAMET');
Insert into AZIZ.EVENTPERSO (CINPERSO,NOMEVENT) values ('45123457','TEST1');
Insert into AZIZ.EVENTPERSO (CINPERSO,NOMEVENT) values ('45123457','TEST3');
Insert into AZIZ.EVENTPERSO (CINPERSO,NOMEVENT) values ('45123457','hauha');
Insert into AZIZ.EVENTPERSO (CINPERSO,NOMEVENT) values ('45212878','AI GLOBAL DAY');
Insert into AZIZ.EVENTPERSO (CINPERSO,NOMEVENT) values ('45212878','ALLER HAMMAMET');
Insert into AZIZ.EVENTPERSO (CINPERSO,NOMEVENT) values ('45782413','ALLER HAMMAMET');
Insert into AZIZ.EVENTPERSO (CINPERSO,NOMEVENT) values ('45782413','TEST1');
Insert into AZIZ.EVENTPERSO (CINPERSO,NOMEVENT) values ('45782413','TEST3');
REM INSERTING into AZIZ.FOURNIR
SET DEFINE OFF;
REM INSERTING into AZIZ.PERSONELLES
SET DEFINE OFF;
Insert into AZIZ.PERSONELLES (CIN_PERSONELLE,NOM_PERSONELLE,PRENOM_PERSONELLE,NUMERO_TELEPHONE_PERSONELLE,ADRESSE_PERSONELLE,ETAT_CIVIL_PERSONELLE,DATE_NAISSANCE_PERSONELLE,ADRESSE_MAIL_PERSONELLE,ROLE_PERSONELLE,TYPE_PERSONELLE,SALAIRE_PERSONELLE,PASSWORD_PERSONELLE,ONCE) values ('45212878','NAANAA','Chaima','52142487','nahj el romena, Hamamet','Divorce','1800-01-01','naanaachaima02@gmail.com','Responsable clientele','Contrat a duree indeterminee (CDI)','800','*"*-(/%$','1');
Insert into AZIZ.PERSONELLES (CIN_PERSONELLE,NOM_PERSONELLE,PRENOM_PERSONELLE,NUMERO_TELEPHONE_PERSONELLE,ADRESSE_PERSONELLE,ETAT_CIVIL_PERSONELLE,DATE_NAISSANCE_PERSONELLE,ADRESSE_MAIL_PERSONELLE,ROLE_PERSONELLE,TYPE_PERSONELLE,SALAIRE_PERSONELLE,PASSWORD_PERSONELLE,ONCE) values ('45123457','MAATOUG','Med Aziz','93014369','105 nahj el romena','Veuf','1999-01-01','azizsydma123456789@gmail.com','Admin principal','Contrat a duree indeterminee (CDI)','400','*"*-(/%$','1');
Insert into AZIZ.PERSONELLES (CIN_PERSONELLE,NOM_PERSONELLE,PRENOM_PERSONELLE,NUMERO_TELEPHONE_PERSONELLE,ADRESSE_PERSONELLE,ETAT_CIVIL_PERSONELLE,DATE_NAISSANCE_PERSONELLE,ADRESSE_MAIL_PERSONELLE,ROLE_PERSONELLE,TYPE_PERSONELLE,SALAIRE_PERSONELLE,PASSWORD_PERSONELLE,ONCE) values ('42157898','mi','aaa','48579654','5744','Celibataire','1999-01-01','zekezweiart@gmail.com','Responsable interne','Contrat a duree indeterminee (CDI)','4000','.)+)+**.','1');
Insert into AZIZ.PERSONELLES (CIN_PERSONELLE,NOM_PERSONELLE,PRENOM_PERSONELLE,NUMERO_TELEPHONE_PERSONELLE,ADRESSE_PERSONELLE,ETAT_CIVIL_PERSONELLE,DATE_NAISSANCE_PERSONELLE,ADRESSE_MAIL_PERSONELLE,ROLE_PERSONELLE,TYPE_PERSONELLE,SALAIRE_PERSONELLE,PASSWORD_PERSONELLE,ONCE) values ('12345678','Ahmed','Ben Salem','12345678','Hamaet','Celibataire','1990-01-01','chawarmamlewi@gmail.com','Admin principal','Contrat a duree indeterminee (CDI)','1000','35798722','0');
REM INSERTING into AZIZ.PROGRAMME
SET DEFINE OFF;
Insert into AZIZ.PROGRAMME (ID_PROGRAMME,NOM,SECTION,TYPE,NOMBRE_PIECE,DUREE,DATE_DIFFUSION,ID_PERSONEL) values ('2','choufli hal','family','serie','3','2',to_date('07/08/24','DD/MM/RR'),null);
Insert into AZIZ.PROGRAMME (ID_PROGRAMME,NOM,SECTION,TYPE,NOMBRE_PIECE,DUREE,DATE_DIFFUSION,ID_PERSONEL) values ('1','siw','child','ss','4','5',to_date('03/04/24','DD/MM/RR'),null);
Insert into AZIZ.PROGRAMME (ID_PROGRAMME,NOM,SECTION,TYPE,NOMBRE_PIECE,DUREE,DATE_DIFFUSION,ID_PERSONEL) values ('3','aa','ss','q','5','8',to_date('05/05/24','DD/MM/RR'),null);
REM INSERTING into AZIZ.PUBLICITE
SET DEFINE OFF;
Insert into AZIZ.PUBLICITE (ID,NOM,CANAL,PRIX,DATEPUB,DUREE,TEMPS,PUBDESC,IDSOC) values ('1815','Coursiiira','Tounes 7 ','600',to_date('07/08/24','DD/MM/RR'),'01:00','00:00','aa','4785');
Insert into AZIZ.PUBLICITE (ID,NOM,CANAL,PRIX,DATEPUB,DUREE,TEMPS,PUBDESC,IDSOC) values ('1384','Testarduino','tunis7','522',to_date('03/04/24','DD/MM/RR'),'04:00','03:00','aaa','111');
Insert into AZIZ.PUBLICITE (ID,NOM,CANAL,PRIX,DATEPUB,DUREE,TEMPS,PUBDESC,IDSOC) values ('1024','Coursiiira2','Tounes 7 ','600',to_date('07/08/24','DD/MM/RR'),'01:00','00:00','aa','4785');
Insert into AZIZ.PUBLICITE (ID,NOM,CANAL,PRIX,DATEPUB,DUREE,TEMPS,PUBDESC,IDSOC) values ('2778','Boga Salami','Tounes 8','400',to_date('07/08/24','DD/MM/RR'),'01:00','00:00','bbb','78');
Insert into AZIZ.PUBLICITE (ID,NOM,CANAL,PRIX,DATEPUB,DUREE,TEMPS,PUBDESC,IDSOC) values ('1011','TESTstat','TUNIS7','200',to_date('07/08/24','DD/MM/RR'),'01:00','00:00','j,on','4785');
Insert into AZIZ.PUBLICITE (ID,NOM,CANAL,PRIX,DATEPUB,DUREE,TEMPS,PUBDESC,IDSOC) values ('3056','CocaCola','Tunis8','1500',to_date('07/08/24','DD/MM/RR'),'05:00','08:00','coca cola descr','111');
Insert into AZIZ.PUBLICITE (ID,NOM,CANAL,PRIX,DATEPUB,DUREE,TEMPS,PUBDESC,IDSOC) values ('1325','TEST4','joj','100',to_date('07/08/24','DD/MM/RR'),'01:00','00:00','aa','4785');
Insert into AZIZ.PUBLICITE (ID,NOM,CANAL,PRIX,DATEPUB,DUREE,TEMPS,PUBDESC,IDSOC) values ('2448','TEST3','joj','100',to_date('07/08/24','DD/MM/RR'),'01:00','00:00','aa','4785');
Insert into AZIZ.PUBLICITE (ID,NOM,CANAL,PRIX,DATEPUB,DUREE,TEMPS,PUBDESC,IDSOC) values ('3085','Produiii','485888','485',to_date('05/05/24','DD/MM/RR'),'01:00','05:00','ijijlllqqqqqqqqqqaaaaaaaaa','4785');
REM INSERTING into AZIZ.PUBPROG
SET DEFINE OFF;
Insert into AZIZ.PUBPROG (IDPUB,IDPROG,DATEPP) values ('3085','3','04-MAR-24');
Insert into AZIZ.PUBPROG (IDPUB,IDPROG,DATEPP) values ('1325','2','02-APR-24');
Insert into AZIZ.PUBPROG (IDPUB,IDPROG,DATEPP) values ('1011','2','02-APR-24');
Insert into AZIZ.PUBPROG (IDPUB,IDPROG,DATEPP) values ('1815','2','04-MAR-24');
Insert into AZIZ.PUBPROG (IDPUB,IDPROG,DATEPP) values ('1024','2','04-MAR-24');
Insert into AZIZ.PUBPROG (IDPUB,IDPROG,DATEPP) values ('2778','2','05-MAR-24');
Insert into AZIZ.PUBPROG (IDPUB,IDPROG,DATEPP) values ('2448','2','02-APR-24');
Insert into AZIZ.PUBPROG (IDPUB,IDPROG,DATEPP) values ('3056','2','05-MAR-24');
Insert into AZIZ.PUBPROG (IDPUB,IDPROG,DATEPP) values ('1384','1','19-APR-24');
REM INSERTING into AZIZ.SOCI
SET DEFINE OFF;
Insert into AZIZ.SOCI (IDSOC,NOM,EMAIL,INDUSTRIE,ADRESSE,PERS,NUMERO,SITE) values ('4785','Universite Centrale','UC@gmail.com','IT','120 , Rue Nacer','Raouf','2145789','www.UC.com');
Insert into AZIZ.SOCI (IDSOC,NOM,EMAIL,INDUSTRIE,ADRESSE,PERS,NUMERO,SITE) values ('78','Boga','boga@mail.com','Food','124 blaba','Samira','444444444','www.Bouga.com');
Insert into AZIZ.SOCI (IDSOC,NOM,EMAIL,INDUSTRIE,ADRESSE,PERS,NUMERO,SITE) values ('1234','Vneuron','vneuron@gmail.com','IT','111','Manel','9142475','www.Vneuron.com');
Insert into AZIZ.SOCI (IDSOC,NOM,EMAIL,INDUSTRIE,ADRESSE,PERS,NUMERO,SITE) values ('1112','ESPRIT','esprit@gmail.com','IT','111 aijoa','lamis','748742','www.esprit.tn');
Insert into AZIZ.SOCI (IDSOC,NOM,EMAIL,INDUSTRIE,ADRESSE,PERS,NUMERO,SITE) values ('111','Fanta','Fanta@gmail.com','Food','Tounes 105','Moula Fanta','954789579','www.Fanta.com');
Insert into AZIZ.SOCI (IDSOC,NOM,EMAIL,INDUSTRIE,ADRESSE,PERS,NUMERO,SITE) values ('4','Coursera','coursiiira@gmail.com','IT','120 Rue Chotrana','Souleima','21648759','www.Coursera.com');
Insert into AZIZ.SOCI (IDSOC,NOM,EMAIL,INDUSTRIE,ADRESSE,PERS,NUMERO,SITE) values ('12344','Japan Foundation','JP@gmail.com','Langue','Rue Borguiba','Hamed','4247954','www.JLPT.com');
Insert into AZIZ.SOCI (IDSOC,NOM,EMAIL,INDUSTRIE,ADRESSE,PERS,NUMERO,SITE) values ('12457','Coca Cola','Coca@gmail.com','food','105 rue','HHH','99999999','www.coca.com');
Insert into AZIZ.SOCI (IDSOC,NOM,EMAIL,INDUSTRIE,ADRESSE,PERS,NUMERO,SITE) values ('412','aaa','aaa@gmail.com','IT','102','kkls','8754544','www.l.com');
Insert into AZIZ.SOCI (IDSOC,NOM,EMAIL,INDUSTRIE,ADRESSE,PERS,NUMERO,SITE) values ('4564','Sofrecom','sofrecom@gmail.com','IT','154 aoijda','Rania','8647842','www.sofrecom.com');
Insert into AZIZ.SOCI (IDSOC,NOM,EMAIL,INDUSTRIE,ADRESSE,PERS,NUMERO,SITE) values ('575','hhh','hh@gmail.com','finance','aaa','aaa','645464','www.sij.com');
Insert into AZIZ.SOCI (IDSOC,NOM,EMAIL,INDUSTRIE,ADRESSE,PERS,NUMERO,SITE) values ('748','aojn','aa@gmail.com','IT','105 iii','hh','89547856','www.hh.com');
Insert into AZIZ.SOCI (IDSOC,NOM,EMAIL,INDUSTRIE,ADRESSE,PERS,NUMERO,SITE) values ('584','jla','jj@mail.com','it','2222','ioja','787977575','www.kjk.com');
Insert into AZIZ.SOCI (IDSOC,NOM,EMAIL,INDUSTRIE,ADRESSE,PERS,NUMERO,SITE) values ('888','aaaa','aa@gmail.com','it','ko,jo','ss','44447889','www.ss.com');
Insert into AZIZ.SOCI (IDSOC,NOM,EMAIL,INDUSTRIE,ADRESSE,PERS,NUMERO,SITE) values ('8','aaaaa','a@gmail.com','it','aa','aaa','4578797','www.aaaa.com');
Insert into AZIZ.SOCI (IDSOC,NOM,EMAIL,INDUSTRIE,ADRESSE,PERS,NUMERO,SITE) values ('5','TEST','tt@gmail.com','IT','aaa','Aziz','44845475','www.aziz.com');
REM INSERTING into AZIZ.STUDIO
SET DEFINE OFF;
Insert into AZIZ.STUDIO (IDS,LOCALISATION,TYPE,ETAT,CAPACITE) values ('84984','tunis','le','jsp','1000');
Insert into AZIZ.STUDIO (IDS,LOCALISATION,TYPE,ETAT,CAPACITE) values ('tb46t','tunis','meteo','tunis','100');
Insert into AZIZ.STUDIO (IDS,LOCALISATION,TYPE,ETAT,CAPACITE) values ('9494cr9cr9c','crcrcrc','crcrcrcr','crcrcrc','64995');
REM INSERTING into AZIZ.TRAVAILLER
SET DEFINE OFF;
--------------------------------------------------------
--  DDL for Index STUDIO_PK
--------------------------------------------------------

  CREATE UNIQUE INDEX "AZIZ"."STUDIO_PK" ON "AZIZ"."STUDIO" ("IDS") 
  PCTFREE 10 INITRANS 2 MAXTRANS 255 COMPUTE STATISTICS 
  STORAGE(INITIAL 65536 NEXT 1048576 MINEXTENTS 1 MAXEXTENTS 2147483645
  PCTINCREASE 0 FREELISTS 1 FREELIST GROUPS 1 BUFFER_POOL DEFAULT FLASH_CACHE DEFAULT CELL_FLASH_CACHE DEFAULT)
  TABLESPACE "SYSTEM" ;
--------------------------------------------------------
--  DDL for Index PROGRAMME_PK
--------------------------------------------------------

  CREATE UNIQUE INDEX "AZIZ"."PROGRAMME_PK" ON "AZIZ"."PROGRAMME" ("ID_PROGRAMME") 
  PCTFREE 10 INITRANS 2 MAXTRANS 255 COMPUTE STATISTICS 
  STORAGE(INITIAL 65536 NEXT 1048576 MINEXTENTS 1 MAXEXTENTS 2147483645
  PCTINCREASE 0 FREELISTS 1 FREELIST GROUPS 1 BUFFER_POOL DEFAULT FLASH_CACHE DEFAULT CELL_FLASH_CACHE DEFAULT)
  TABLESPACE "SYSTEM" ;
--------------------------------------------------------
--  DDL for Index EVENTPERSO_PK
--------------------------------------------------------

  CREATE UNIQUE INDEX "AZIZ"."EVENTPERSO_PK" ON "AZIZ"."EVENTPERSO" ("CINPERSO", "NOMEVENT") 
  PCTFREE 10 INITRANS 2 MAXTRANS 255 COMPUTE STATISTICS 
  STORAGE(INITIAL 65536 NEXT 1048576 MINEXTENTS 1 MAXEXTENTS 2147483645
  PCTINCREASE 0 FREELISTS 1 FREELIST GROUPS 1 BUFFER_POOL DEFAULT FLASH_CACHE DEFAULT CELL_FLASH_CACHE DEFAULT)
  TABLESPACE "SYSTEM" ;
--------------------------------------------------------
--  DDL for Index PUBPROG_PK
--------------------------------------------------------

  CREATE UNIQUE INDEX "AZIZ"."PUBPROG_PK" ON "AZIZ"."PUBPROG" ("IDPUB", "IDPROG") 
  PCTFREE 10 INITRANS 2 MAXTRANS 255 COMPUTE STATISTICS 
  STORAGE(INITIAL 65536 NEXT 1048576 MINEXTENTS 1 MAXEXTENTS 2147483645
  PCTINCREASE 0 FREELISTS 1 FREELIST GROUPS 1 BUFFER_POOL DEFAULT FLASH_CACHE DEFAULT CELL_FLASH_CACHE DEFAULT)
  TABLESPACE "SYSTEM" ;
--------------------------------------------------------
--  DDL for Index PUBLICITÉ_PK
--------------------------------------------------------

  CREATE UNIQUE INDEX "AZIZ"."PUBLICITÉ_PK" ON "AZIZ"."PUBLICITE" ("ID") 
  PCTFREE 10 INITRANS 2 MAXTRANS 255 COMPUTE STATISTICS 
  STORAGE(INITIAL 65536 NEXT 1048576 MINEXTENTS 1 MAXEXTENTS 2147483645
  PCTINCREASE 0 FREELISTS 1 FREELIST GROUPS 1 BUFFER_POOL DEFAULT FLASH_CACHE DEFAULT CELL_FLASH_CACHE DEFAULT)
  TABLESPACE "SYSTEM" ;
--------------------------------------------------------
--  DDL for Index ABONNEMENT_PK
--------------------------------------------------------

  CREATE UNIQUE INDEX "AZIZ"."ABONNEMENT_PK" ON "AZIZ"."ABONNEMENT" ("ID_ABONNEMENT") 
  PCTFREE 10 INITRANS 2 MAXTRANS 255 COMPUTE STATISTICS 
  STORAGE(INITIAL 65536 NEXT 1048576 MINEXTENTS 1 MAXEXTENTS 2147483645
  PCTINCREASE 0 FREELISTS 1 FREELIST GROUPS 1 BUFFER_POOL DEFAULT FLASH_CACHE DEFAULT CELL_FLASH_CACHE DEFAULT)
  TABLESPACE "SYSTEM" ;
--------------------------------------------------------
--  DDL for Index PERSONELLES_PK
--------------------------------------------------------

  CREATE UNIQUE INDEX "AZIZ"."PERSONELLES_PK" ON "AZIZ"."PERSONELLES" ("CIN_PERSONELLE") 
  PCTFREE 10 INITRANS 2 MAXTRANS 255 COMPUTE STATISTICS 
  STORAGE(INITIAL 65536 NEXT 1048576 MINEXTENTS 1 MAXEXTENTS 2147483645
  PCTINCREASE 0 FREELISTS 1 FREELIST GROUPS 1 BUFFER_POOL DEFAULT FLASH_CACHE DEFAULT CELL_FLASH_CACHE DEFAULT)
  TABLESPACE "SYSTEM" ;
--------------------------------------------------------
--  DDL for Index ID_AUDITEUR
--------------------------------------------------------

  CREATE UNIQUE INDEX "AZIZ"."ID_AUDITEUR" ON "AZIZ"."AUDITEUR" ("ID_AUDITEUR") 
  PCTFREE 10 INITRANS 2 MAXTRANS 255 COMPUTE STATISTICS 
  STORAGE(INITIAL 65536 NEXT 1048576 MINEXTENTS 1 MAXEXTENTS 2147483645
  PCTINCREASE 0 FREELISTS 1 FREELIST GROUPS 1 BUFFER_POOL DEFAULT FLASH_CACHE DEFAULT CELL_FLASH_CACHE DEFAULT)
  TABLESPACE "SYSTEM" ;
--------------------------------------------------------
--  DDL for Index SOCI_PK
--------------------------------------------------------

  CREATE UNIQUE INDEX "AZIZ"."SOCI_PK" ON "AZIZ"."SOCI" ("IDSOC") 
  PCTFREE 10 INITRANS 2 MAXTRANS 255 COMPUTE STATISTICS 
  STORAGE(INITIAL 65536 NEXT 1048576 MINEXTENTS 1 MAXEXTENTS 2147483645
  PCTINCREASE 0 FREELISTS 1 FREELIST GROUPS 1 BUFFER_POOL DEFAULT FLASH_CACHE DEFAULT CELL_FLASH_CACHE DEFAULT)
  TABLESPACE "SYSTEM" ;
--------------------------------------------------------
--  DDL for Index FOURNIR_PK
--------------------------------------------------------

  CREATE UNIQUE INDEX "AZIZ"."FOURNIR_PK" ON "AZIZ"."FOURNIR" ("ID_PROGRAMMZ", "ID_ABONNEMENTS") 
  PCTFREE 10 INITRANS 2 MAXTRANS 255 COMPUTE STATISTICS 
  STORAGE(INITIAL 65536 NEXT 1048576 MINEXTENTS 1 MAXEXTENTS 2147483645
  PCTINCREASE 0 FREELISTS 1 FREELIST GROUPS 1 BUFFER_POOL DEFAULT FLASH_CACHE DEFAULT CELL_FLASH_CACHE DEFAULT)
  TABLESPACE "SYSTEM" ;
--------------------------------------------------------
--  DDL for Index TRAVAILLER_PK
--------------------------------------------------------

  CREATE UNIQUE INDEX "AZIZ"."TRAVAILLER_PK" ON "AZIZ"."TRAVAILLER" ("ID_PERSO", "ID_STUDIO") 
  PCTFREE 10 INITRANS 2 MAXTRANS 255 COMPUTE STATISTICS 
  STORAGE(INITIAL 65536 NEXT 1048576 MINEXTENTS 1 MAXEXTENTS 2147483645
  PCTINCREASE 0 FREELISTS 1 FREELIST GROUPS 1 BUFFER_POOL DEFAULT FLASH_CACHE DEFAULT CELL_FLASH_CACHE DEFAULT)
  TABLESPACE "SYSTEM" ;
--------------------------------------------------------
--  DDL for Index EVENT_PK
--------------------------------------------------------

  CREATE UNIQUE INDEX "AZIZ"."EVENT_PK" ON "AZIZ"."EVENT" ("NOM") 
  PCTFREE 10 INITRANS 2 MAXTRANS 255 COMPUTE STATISTICS 
  STORAGE(INITIAL 65536 NEXT 1048576 MINEXTENTS 1 MAXEXTENTS 2147483645
  PCTINCREASE 0 FREELISTS 1 FREELIST GROUPS 1 BUFFER_POOL DEFAULT FLASH_CACHE DEFAULT CELL_FLASH_CACHE DEFAULT)
  TABLESPACE "SYSTEM" ;
--------------------------------------------------------
--  DDL for Trigger ABONNEMENT_TRG
--------------------------------------------------------

  CREATE OR REPLACE TRIGGER "AZIZ"."ABONNEMENT_TRG" 
BEFORE INSERT ON ABONNEMENT 
FOR EACH ROW 
BEGIN
  <<COLUMN_SEQUENCES>>
  BEGIN
    NULL;
  END COLUMN_SEQUENCES;
END;

/
ALTER TRIGGER "AZIZ"."ABONNEMENT_TRG" ENABLE;
--------------------------------------------------------
--  Constraints for Table EVENTPERSO
--------------------------------------------------------

  ALTER TABLE "AZIZ"."EVENTPERSO" ADD CONSTRAINT "EVENTPERSO_PK" PRIMARY KEY ("CINPERSO", "NOMEVENT")
  USING INDEX PCTFREE 10 INITRANS 2 MAXTRANS 255 COMPUTE STATISTICS 
  STORAGE(INITIAL 65536 NEXT 1048576 MINEXTENTS 1 MAXEXTENTS 2147483645
  PCTINCREASE 0 FREELISTS 1 FREELIST GROUPS 1 BUFFER_POOL DEFAULT FLASH_CACHE DEFAULT CELL_FLASH_CACHE DEFAULT)
  TABLESPACE "SYSTEM"  ENABLE;
  ALTER TABLE "AZIZ"."EVENTPERSO" MODIFY ("NOMEVENT" NOT NULL ENABLE);
  ALTER TABLE "AZIZ"."EVENTPERSO" MODIFY ("CINPERSO" NOT NULL ENABLE);
--------------------------------------------------------
--  Constraints for Table EVENT
--------------------------------------------------------

  ALTER TABLE "AZIZ"."EVENT" ADD CONSTRAINT "EVENT_PK" PRIMARY KEY ("NOM")
  USING INDEX PCTFREE 10 INITRANS 2 MAXTRANS 255 COMPUTE STATISTICS 
  STORAGE(INITIAL 65536 NEXT 1048576 MINEXTENTS 1 MAXEXTENTS 2147483645
  PCTINCREASE 0 FREELISTS 1 FREELIST GROUPS 1 BUFFER_POOL DEFAULT FLASH_CACHE DEFAULT CELL_FLASH_CACHE DEFAULT)
  TABLESPACE "SYSTEM"  ENABLE;
  ALTER TABLE "AZIZ"."EVENT" MODIFY ("PHOTO" NOT NULL ENABLE);
  ALTER TABLE "AZIZ"."EVENT" MODIFY ("TEMPSFIN" NOT NULL ENABLE);
  ALTER TABLE "AZIZ"."EVENT" MODIFY ("ETAT" NOT NULL ENABLE);
  ALTER TABLE "AZIZ"."EVENT" MODIFY ("TEMPSDEB" NOT NULL ENABLE);
  ALTER TABLE "AZIZ"."EVENT" MODIFY ("TYPE" NOT NULL ENABLE);
  ALTER TABLE "AZIZ"."EVENT" MODIFY ("LIEU" NOT NULL ENABLE);
  ALTER TABLE "AZIZ"."EVENT" MODIFY ("NOM" NOT NULL ENABLE);
--------------------------------------------------------
--  Constraints for Table SOCI
--------------------------------------------------------

  ALTER TABLE "AZIZ"."SOCI" ADD CONSTRAINT "SOCI_PK" PRIMARY KEY ("IDSOC")
  USING INDEX PCTFREE 10 INITRANS 2 MAXTRANS 255 COMPUTE STATISTICS 
  STORAGE(INITIAL 65536 NEXT 1048576 MINEXTENTS 1 MAXEXTENTS 2147483645
  PCTINCREASE 0 FREELISTS 1 FREELIST GROUPS 1 BUFFER_POOL DEFAULT FLASH_CACHE DEFAULT CELL_FLASH_CACHE DEFAULT)
  TABLESPACE "SYSTEM"  ENABLE;
  ALTER TABLE "AZIZ"."SOCI" MODIFY ("IDSOC" NOT NULL ENABLE);
--------------------------------------------------------
--  Constraints for Table TRAVAILLER
--------------------------------------------------------

  ALTER TABLE "AZIZ"."TRAVAILLER" ADD CONSTRAINT "TRAVAILLER_PK" PRIMARY KEY ("ID_PERSO", "ID_STUDIO")
  USING INDEX PCTFREE 10 INITRANS 2 MAXTRANS 255 COMPUTE STATISTICS 
  STORAGE(INITIAL 65536 NEXT 1048576 MINEXTENTS 1 MAXEXTENTS 2147483645
  PCTINCREASE 0 FREELISTS 1 FREELIST GROUPS 1 BUFFER_POOL DEFAULT FLASH_CACHE DEFAULT CELL_FLASH_CACHE DEFAULT)
  TABLESPACE "SYSTEM"  ENABLE;
  ALTER TABLE "AZIZ"."TRAVAILLER" MODIFY ("ID_STUDIO" NOT NULL ENABLE);
  ALTER TABLE "AZIZ"."TRAVAILLER" MODIFY ("ID_PERSO" NOT NULL ENABLE);
--------------------------------------------------------
--  Constraints for Table PROGRAMME
--------------------------------------------------------

  ALTER TABLE "AZIZ"."PROGRAMME" MODIFY ("ID_PROGRAMME" NOT NULL ENABLE);
  ALTER TABLE "AZIZ"."PROGRAMME" MODIFY ("NOM" NOT NULL ENABLE);
  ALTER TABLE "AZIZ"."PROGRAMME" MODIFY ("SECTION" NOT NULL ENABLE);
  ALTER TABLE "AZIZ"."PROGRAMME" MODIFY ("TYPE" NOT NULL ENABLE);
  ALTER TABLE "AZIZ"."PROGRAMME" MODIFY ("NOMBRE_PIECE" NOT NULL ENABLE);
  ALTER TABLE "AZIZ"."PROGRAMME" MODIFY ("DUREE" NOT NULL ENABLE);
  ALTER TABLE "AZIZ"."PROGRAMME" MODIFY ("DATE_DIFFUSION" NOT NULL ENABLE);
  ALTER TABLE "AZIZ"."PROGRAMME" ADD CONSTRAINT "PROGRAMME_PK" PRIMARY KEY ("ID_PROGRAMME")
  USING INDEX PCTFREE 10 INITRANS 2 MAXTRANS 255 COMPUTE STATISTICS 
  STORAGE(INITIAL 65536 NEXT 1048576 MINEXTENTS 1 MAXEXTENTS 2147483645
  PCTINCREASE 0 FREELISTS 1 FREELIST GROUPS 1 BUFFER_POOL DEFAULT FLASH_CACHE DEFAULT CELL_FLASH_CACHE DEFAULT)
  TABLESPACE "SYSTEM"  ENABLE;
--------------------------------------------------------
--  Constraints for Table ABONNEMENT
--------------------------------------------------------

  ALTER TABLE "AZIZ"."ABONNEMENT" MODIFY ("ID_ABONNEMENT" NOT NULL ENABLE);
  ALTER TABLE "AZIZ"."ABONNEMENT" ADD CONSTRAINT "ABONNEMENT_PK" PRIMARY KEY ("ID_ABONNEMENT")
  USING INDEX PCTFREE 10 INITRANS 2 MAXTRANS 255 COMPUTE STATISTICS 
  STORAGE(INITIAL 65536 NEXT 1048576 MINEXTENTS 1 MAXEXTENTS 2147483645
  PCTINCREASE 0 FREELISTS 1 FREELIST GROUPS 1 BUFFER_POOL DEFAULT FLASH_CACHE DEFAULT CELL_FLASH_CACHE DEFAULT)
  TABLESPACE "SYSTEM"  ENABLE;
--------------------------------------------------------
--  Constraints for Table FOURNIR
--------------------------------------------------------

  ALTER TABLE "AZIZ"."FOURNIR" ADD CONSTRAINT "FOURNIR_PK" PRIMARY KEY ("ID_PROGRAMMZ", "ID_ABONNEMENTS")
  USING INDEX PCTFREE 10 INITRANS 2 MAXTRANS 255 COMPUTE STATISTICS 
  STORAGE(INITIAL 65536 NEXT 1048576 MINEXTENTS 1 MAXEXTENTS 2147483645
  PCTINCREASE 0 FREELISTS 1 FREELIST GROUPS 1 BUFFER_POOL DEFAULT FLASH_CACHE DEFAULT CELL_FLASH_CACHE DEFAULT)
  TABLESPACE "SYSTEM"  ENABLE;
  ALTER TABLE "AZIZ"."FOURNIR" MODIFY ("ID_ABONNEMENTS" NOT NULL ENABLE);
  ALTER TABLE "AZIZ"."FOURNIR" MODIFY ("ID_PROGRAMMZ" NOT NULL ENABLE);
--------------------------------------------------------
--  Constraints for Table PUBLICITE
--------------------------------------------------------

  ALTER TABLE "AZIZ"."PUBLICITE" ADD CONSTRAINT "PUBLICITÉ_PK" PRIMARY KEY ("ID")
  USING INDEX PCTFREE 10 INITRANS 2 MAXTRANS 255 COMPUTE STATISTICS 
  STORAGE(INITIAL 65536 NEXT 1048576 MINEXTENTS 1 MAXEXTENTS 2147483645
  PCTINCREASE 0 FREELISTS 1 FREELIST GROUPS 1 BUFFER_POOL DEFAULT FLASH_CACHE DEFAULT CELL_FLASH_CACHE DEFAULT)
  TABLESPACE "SYSTEM"  ENABLE;
  ALTER TABLE "AZIZ"."PUBLICITE" MODIFY ("PUBDESC" NOT NULL ENABLE);
  ALTER TABLE "AZIZ"."PUBLICITE" MODIFY ("DATEPUB" NOT NULL ENABLE);
  ALTER TABLE "AZIZ"."PUBLICITE" MODIFY ("PRIX" NOT NULL ENABLE);
  ALTER TABLE "AZIZ"."PUBLICITE" MODIFY ("CANAL" NOT NULL ENABLE);
  ALTER TABLE "AZIZ"."PUBLICITE" MODIFY ("NOM" NOT NULL ENABLE);
  ALTER TABLE "AZIZ"."PUBLICITE" MODIFY ("ID" NOT NULL ENABLE);
--------------------------------------------------------
--  Constraints for Table PUBPROG
--------------------------------------------------------

  ALTER TABLE "AZIZ"."PUBPROG" ADD CONSTRAINT "PUBPROG_PK" PRIMARY KEY ("IDPUB", "IDPROG")
  USING INDEX PCTFREE 10 INITRANS 2 MAXTRANS 255 COMPUTE STATISTICS 
  STORAGE(INITIAL 65536 NEXT 1048576 MINEXTENTS 1 MAXEXTENTS 2147483645
  PCTINCREASE 0 FREELISTS 1 FREELIST GROUPS 1 BUFFER_POOL DEFAULT FLASH_CACHE DEFAULT CELL_FLASH_CACHE DEFAULT)
  TABLESPACE "SYSTEM"  ENABLE;
  ALTER TABLE "AZIZ"."PUBPROG" MODIFY ("IDPROG" NOT NULL ENABLE);
  ALTER TABLE "AZIZ"."PUBPROG" MODIFY ("IDPUB" NOT NULL ENABLE);
--------------------------------------------------------
--  Constraints for Table AUDITEUR
--------------------------------------------------------

  ALTER TABLE "AZIZ"."AUDITEUR" ADD CONSTRAINT "ID_AUDITEUR" PRIMARY KEY ("ID_AUDITEUR")
  USING INDEX PCTFREE 10 INITRANS 2 MAXTRANS 255 COMPUTE STATISTICS 
  STORAGE(INITIAL 65536 NEXT 1048576 MINEXTENTS 1 MAXEXTENTS 2147483645
  PCTINCREASE 0 FREELISTS 1 FREELIST GROUPS 1 BUFFER_POOL DEFAULT FLASH_CACHE DEFAULT CELL_FLASH_CACHE DEFAULT)
  TABLESPACE "SYSTEM"  ENABLE;
--------------------------------------------------------
--  Constraints for Table STUDIO
--------------------------------------------------------

  ALTER TABLE "AZIZ"."STUDIO" MODIFY ("LOCALISATION" NOT NULL ENABLE);
  ALTER TABLE "AZIZ"."STUDIO" MODIFY ("TYPE" NOT NULL ENABLE);
  ALTER TABLE "AZIZ"."STUDIO" MODIFY ("ETAT" NOT NULL ENABLE);
  ALTER TABLE "AZIZ"."STUDIO" MODIFY ("CAPACITE" NOT NULL ENABLE);
  ALTER TABLE "AZIZ"."STUDIO" MODIFY ("IDS" NOT NULL ENABLE);
  ALTER TABLE "AZIZ"."STUDIO" ADD CONSTRAINT "STUDIO_PK" PRIMARY KEY ("IDS")
  USING INDEX PCTFREE 10 INITRANS 2 MAXTRANS 255 COMPUTE STATISTICS 
  STORAGE(INITIAL 65536 NEXT 1048576 MINEXTENTS 1 MAXEXTENTS 2147483645
  PCTINCREASE 0 FREELISTS 1 FREELIST GROUPS 1 BUFFER_POOL DEFAULT FLASH_CACHE DEFAULT CELL_FLASH_CACHE DEFAULT)
  TABLESPACE "SYSTEM"  ENABLE;
--------------------------------------------------------
--  Constraints for Table PERSONELLES
--------------------------------------------------------

  ALTER TABLE "AZIZ"."PERSONELLES" MODIFY ("CIN_PERSONELLE" NOT NULL ENABLE);
  ALTER TABLE "AZIZ"."PERSONELLES" MODIFY ("NOM_PERSONELLE" NOT NULL ENABLE);
  ALTER TABLE "AZIZ"."PERSONELLES" MODIFY ("PRENOM_PERSONELLE" NOT NULL ENABLE);
  ALTER TABLE "AZIZ"."PERSONELLES" MODIFY ("NUMERO_TELEPHONE_PERSONELLE" NOT NULL ENABLE);
  ALTER TABLE "AZIZ"."PERSONELLES" MODIFY ("ADRESSE_PERSONELLE" NOT NULL ENABLE);
  ALTER TABLE "AZIZ"."PERSONELLES" MODIFY ("ETAT_CIVIL_PERSONELLE" NOT NULL ENABLE);
  ALTER TABLE "AZIZ"."PERSONELLES" MODIFY ("DATE_NAISSANCE_PERSONELLE" NOT NULL ENABLE);
  ALTER TABLE "AZIZ"."PERSONELLES" MODIFY ("ADRESSE_MAIL_PERSONELLE" NOT NULL ENABLE);
  ALTER TABLE "AZIZ"."PERSONELLES" MODIFY ("ROLE_PERSONELLE" NOT NULL ENABLE);
  ALTER TABLE "AZIZ"."PERSONELLES" MODIFY ("TYPE_PERSONELLE" NOT NULL ENABLE);
  ALTER TABLE "AZIZ"."PERSONELLES" MODIFY ("SALAIRE_PERSONELLE" NOT NULL ENABLE);
  ALTER TABLE "AZIZ"."PERSONELLES" MODIFY ("PASSWORD_PERSONELLE" NOT NULL ENABLE);
  ALTER TABLE "AZIZ"."PERSONELLES" ADD CONSTRAINT "PERSONELLES_PK" PRIMARY KEY ("CIN_PERSONELLE")
  USING INDEX PCTFREE 10 INITRANS 2 MAXTRANS 255 COMPUTE STATISTICS 
  STORAGE(INITIAL 65536 NEXT 1048576 MINEXTENTS 1 MAXEXTENTS 2147483645
  PCTINCREASE 0 FREELISTS 1 FREELIST GROUPS 1 BUFFER_POOL DEFAULT FLASH_CACHE DEFAULT CELL_FLASH_CACHE DEFAULT)
  TABLESPACE "SYSTEM"  ENABLE;
--------------------------------------------------------
--  Ref Constraints for Table ABONNEMENT
--------------------------------------------------------

  ALTER TABLE "AZIZ"."ABONNEMENT" ADD CONSTRAINT "AUDI" FOREIGN KEY ("ID_AUDITEUR")
	  REFERENCES "AZIZ"."AUDITEUR" ("ID_AUDITEUR") ENABLE;
--------------------------------------------------------
--  Ref Constraints for Table FOURNIR
--------------------------------------------------------

  ALTER TABLE "AZIZ"."FOURNIR" ADD CONSTRAINT "FKF" FOREIGN KEY ("ID_ABONNEMENTS")
	  REFERENCES "AZIZ"."ABONNEMENT" ("ID_ABONNEMENT") ENABLE;
  ALTER TABLE "AZIZ"."FOURNIR" ADD CONSTRAINT "FK_FOURNIR" FOREIGN KEY ("ID_PROGRAMMZ")
	  REFERENCES "AZIZ"."PROGRAMME" ("ID_PROGRAMME") ENABLE;
--------------------------------------------------------
--  Ref Constraints for Table PROGRAMME
--------------------------------------------------------

  ALTER TABLE "AZIZ"."PROGRAMME" ADD CONSTRAINT "PERSO" FOREIGN KEY ("ID_PERSONEL")
	  REFERENCES "AZIZ"."PERSONELLES" ("CIN_PERSONELLE") ENABLE;
--------------------------------------------------------
--  Ref Constraints for Table PUBLICITE
--------------------------------------------------------

  ALTER TABLE "AZIZ"."PUBLICITE" ADD CONSTRAINT "SOCIETEID" FOREIGN KEY ("IDSOC")
	  REFERENCES "AZIZ"."SOCI" ("IDSOC") ENABLE;
--------------------------------------------------------
--  Ref Constraints for Table PUBPROG
--------------------------------------------------------

  ALTER TABLE "AZIZ"."PUBPROG" ADD CONSTRAINT "IDPROG" FOREIGN KEY ("IDPROG")
	  REFERENCES "AZIZ"."PROGRAMME" ("ID_PROGRAMME") ENABLE;
  ALTER TABLE "AZIZ"."PUBPROG" ADD CONSTRAINT "IDPUB" FOREIGN KEY ("IDPUB")
	  REFERENCES "AZIZ"."PUBLICITE" ("ID") ENABLE;
--------------------------------------------------------
--  Ref Constraints for Table TRAVAILLER
--------------------------------------------------------

  ALTER TABLE "AZIZ"."TRAVAILLER" ADD CONSTRAINT "PERSOU" FOREIGN KEY ("ID_PERSO")
	  REFERENCES "AZIZ"."PERSONELLES" ("CIN_PERSONELLE") ON DELETE CASCADE ENABLE;
  ALTER TABLE "AZIZ"."TRAVAILLER" ADD CONSTRAINT "STUDIOU" FOREIGN KEY ("ID_STUDIO")
	  REFERENCES "AZIZ"."STUDIO" ("IDS") ENABLE;
